created_at;author.username;text
03-12-2016 0:31;EnAtacama;simple, #NoMasAFP https://t.co/gP2od0RHAU
09-11-2016 12:08;Ramirowski;Donald lo dice,  no sea webon #trump #trumpwins #AFP #NOMasAFP https://t.co/7ATXVnz4eH
07-11-2016 14:26;Pensadorazo;#NOMasAFP  exacto!! https://t.co/ohVABuwrOh
04-11-2016 23:11;TheCatPawer;The latest El Diario de El Mendoza! https://t.co/LiFpKfYoNB Thanks to @Chile_Alerta @SindicatoCDF @papurri_pop #nomasafps #nomasafp
04-11-2016 22:00;me4macmango;Proposiciones no son hechos @marcoporchile #nomasafp https://t.co/GAwFbuSBrk
04-11-2016 15:55;crissjosemaria;Chile quiere soluciones! #NOMasAFP
04-11-2016 11:05;Estupidokiltro;No mas afp s https://t.co/cTuo14Gy2V
02-11-2016 23:11;TheCatPawer;The latest El Diario de El Mendoza! https://t.co/iYvx0da8SK Thanks to @reneodista @UNE_Chile @JulioStgoCentro #secos #nomasafp
31-10-2016 23:11;TheCatPawer;The latest El Diario de El Mendoza! https://t.co/KbMhxdIGaM Thanks to @cientist_rgodoy @mxmg @Izquierda_Tuit #nomasafp #secos
29-10-2016 23:07;TheCatPawer;The latest El Diario de El Mendoza! https://t.co/nsrKm9a2rB Thanks to @pelucheduenas @SindicatoCDF @Cata_Gaete #nomasafp #secos
27-10-2016 23:08;TheCatPawer;The latest El Diario de El Mendoza! https://t.co/8znzl72hmO Thanks to @jaran_13 @AFielbaum @LuisMesina1 #nestorvive #nomasafp
26-10-2016 23:53;CHUCKY_MUSTAINE;Impotencia!!\n#NOMasAFP https://t.co/9HD1Mp2y75
25-10-2016 23:07;TheCatPawer;The latest El Diario de El Mendoza! https://t.co/Mmk2Qdypjs Thanks to @eduardogonzalo @Marccella85 @jaran_13 #conladcnosejuega #nomasafp
21-10-2016 20:10;berniap;Gran noticia #NOmasAFP https://t.co/pUjEjkfP96
21-10-2016 0:39;YanyMicifuzza;Carlos Andres @cfaundar  \n#NOmasAFP https://t.co/ysfKVLQ38u
17-10-2016 23:50;JALULAMA;me sumo #nomasafp https://t.co/MX4GuC21vw
17-10-2016 23:38;rockeroapata;#ModoTermometro  no mas afp simple
17-10-2016 22:50;derdrew;#ModoTermometro he dicho #EliminarAfps  #NOmasAFP https://t.co/gFSubLZfrb
17-10-2016 12:30;mordelon51;No mas AFP y no mas ONGs https://t.co/wHVcHBvRQi
17-10-2016 11:27;Claudio_2012;The latest El Diario de Claudio Rodriguez! https://t.co/THnniaNUoJ Thanks to @LyDChile @amnistiachile #temuco #nomasafp
17-10-2016 9:38;Pensadorazo;@diegoolaguna #NOmasAFP cagar a quien por ser?
17-10-2016 7:55;ErickupaLeiva;¿Quien quiere votar?. #Servel #LeyCorta #Davalos #Gendarmeria #RegistroCivil #SQM #Pensiones #NOmasAFP #CauCau #JavieraBlanco #Serviu #Salud
16-10-2016 23:08;TheCatPawer;The latest El Diario de El Mendoza! https://t.co/RvDMyR1baF Thanks to @pelucheduenas @Karilo23Rojas @R_Montero_R #nomasafp #concepción
16-10-2016 19:10;csandersonf;Simple... #NOmasAFP
16-10-2016 14:39;InfoNodal;#nodalrecomienda #chile Marchas #NOmasAFP @LuisMesina1 https://t.co/hy6rngMaJJ
16-10-2016 14:00;paoferreiray;Cueck! #NOmasAFP https://t.co/KE9vpiDRj0
16-10-2016 13:36;InfoNodal;#nodalinforma #chile Marchas #NOmasAFP @rvfradiopopular https://t.co/6MvdHAKA48
16-10-2016 13:22;vancenit;Somos + que miles!\n\n#NOmasAFP https://t.co/TYOpPimo9Q
16-10-2016 13:17;InfoNodal;#nodalinforma #chile Marchas #nomasafp @ChilePeriodista https://t.co/ZXH6sO5RoR
16-10-2016 13:05;miripaobra;Somos miles marchando #NOmasAFP https://t.co/XqIsUl5Q5m
16-10-2016 12:46;AndreXikis;Marchando #NOmasAFP https://t.co/rEWjTvRmYS
16-10-2016 10:31;SoledadBravo;Saliendo con @carmelapolis #NoMasAFP https://t.co/Sudzupkltu
15-10-2016 23:08;TheCatPawer;The latest El Diario de El Mendoza! https://t.co/q4afSWI4RK Thanks to @TuTioPelao @Cata_Gaete #coyhaique #nomasafp
15-10-2016 20:26;mariela2770;The latest Libertad para Expresarse! https://t.co/MBptjGux3S Thanks to @grantokylautaro @JulioStgoCentro @COLECTIVODIGNID #nomasafp
14-10-2016 10:09;lusr20;Retweeted Sandry Nave ? (@sandrynave):\n\n#NuncaEsTardePara para recordar #NOmasAFP y decir #YoMarchoEl16 por un... https://t.co/vXKWfUyC4f
06-10-2016 23:05;AICH_Oficial;Todo chile dice #NOmasAFP favor RT @LuisMesina1 @Chileokulto @NOmasAFP @carolinahegel @Carlinho_13 @illapu @inti_illimani https://t.co/26ZIa8faQg
06-10-2016 22:51;AICH_Oficial;Todo chile dice #NOmasAFP favor RT https://t.co/eWitBnltvW
04-10-2016 22:08;AICH_Oficial;Todo chile dice #NOmasAFP favor rt https://t.co/BdcQvlOPAz
22-09-2016 22:59;charolastar;@ccifuentesh @GiorgioJackson @AFP_Capital defendiendo lo indefendible #NOmasAFP
18-09-2016 14:25;simonaxm;#NOmasAFP \n#NoMasSegregacion en pensiones. https://t.co/S3uNX5haVL
13-09-2016 19:50;Maritxu508;Se refiere a  las comisiones fantasmas @felicesforrados @LuisMesina1 #NoMasAFP https://t.co/c1qtmFmu2D
13-09-2016 16:29;The_answer_93;I liked a @YouTube video https://t.co/Qq9P2WYOyW No mas AFP en Chile MIERDA!!! LAD.COBRA
13-09-2016 13:10;djfoxmix;#aviones #militares #santiago #nomasafp  momento exacto XD https://t.co/wcinGSddrf
12-09-2016 15:52;Katsuru;I liked a @YouTube video https://t.co/r7nX31pVSI No mas AFP en Chile MIERDA!!! LAD.COBRA
06-09-2016 22:11;Giocondavirtual;El video en que #Piñera tbn. dice #NoMasAfp ???????? https://t.co/4yXu6Jccuv
05-09-2016 21:21;edupakis;Aprendiendo haciendo xD Evento #MamaCultiva \n#NoMasAFP \n#NoAltoMaipo @ Ip Los Leones https://t.co/NfV0jiPcRE
02-09-2016 9:31;edojsanchez;Justo ahora???   https://t.co/4ZTypTk0aB  #NoMásAFP https://t.co/xzVudVLXin
29-08-2016 14:18;Batigala;#HayCosasTristesY Las pensiones en Chile #nomasafp
29-08-2016 1:21;pedrogdigital;#NoMasAFP por favor. https://t.co/SiUhFYGw3l
28-08-2016 6:05;CieloAustralCoq;AFP son inviables, X eso y x mucho +#NOMasAFP @SinFiltroCL @chileconvoca https://t.co/iNGRiUV9oV
27-08-2016 12:24;djotto_nax;#NoMasAFP notable #NegroPiñera vamor  por #UnMañanaMejor https://t.co/IKxVIZHhSi
25-08-2016 11:30;fijito;@RNchile @bprokurica @paulinanu @latercera #NOMasAFP chantas!
24-08-2016 20:30;mariela2770;The latest Libertad para Expresarse! https://t.co/Izu2LDDFuE Thanks to @villa_grimaldi @jaran_13 @rafa_cavada #perunews #nomasafp
23-08-2016 15:18;Liberta_Alegria;#EsDeUniversitario Movilizarse por causas justas #NOMasAFP \nhttps://t.co/A99ueQhk4e
23-08-2016 9:48;juan2049;"Derecha y corpos de chile calling the people"" no mas afp chupa sangre https://t.co/XN8zR3RS6y"
23-08-2016 9:19;Gr_rv;@muchogustoMEGA No mas AFP'S
23-08-2016 0:01;lramirez;The latest Resonancias y latidos! https://t.co/lRqefV5YEv Thanks to @8gigascom @ArchivoCAB @ElCenselio #nomasafp #ciudadanoscnn
22-08-2016 23:11;TheCatPawer;The latest El Diario de El Mendoza! https://t.co/XNdmYK6s9p Thanks to @Amras_Anarion @ChillanOnline @Chileokulto #nomasafp #chile
22-08-2016 21:15;MiguelGarridoD;The latest El Diario de Miguel Garrido! https://t.co/hxsZ8girBW Thanks to @QuintanaChile #felizlunes #nomasafp
22-08-2016 14:41;Bernardo_E;The latest El Diario de Bernardo Escobar Ll.! https://t.co/8oP4mqbe13 Thanks to @MesinaArt @AnonymissNegra @jaime_muso #nomasafp #cadem
22-08-2016 11:30;Claudio_2012;The latest El Diario de Claudio Rodriguez! https://t.co/Rq5oLqAHzE Thanks to @joseantoniokast @vigilantecosta @alfonsogc #temuco #nomasafp
22-08-2016 5:10;libertadonde;The latest Libertad Adonde? El Diario! https://t.co/GeU2NvibQX Thanks to @jmarquezg22 @ivanexxx69 @marcelobeltrand #siguemeytesigo #nomasafp
22-08-2016 0:01;lramirez;The latest Resonancias y latidos! https://t.co/UvQ6vFju2p Thanks to @rvfradiopopular @Farmappchile @danny_taylor68 #nomasafp #rio2016
21-08-2016 23:11;TheCatPawer;The latest El Diario de El Mendoza! https://t.co/TrCIzvNayF Thanks to @R_Montero_R @papurri_pop @pipelalo #nomasafp #nomasafps
21-08-2016 22:06;yasnapradena;Somos miles #NOMasAFP !!!!! https://t.co/pXejMdowXe
21-08-2016 20:30;mariela2770;The latest Libertad para Expresarse! https://t.co/VP8wPIQZyP Thanks to @COLECTIVODIGNID @Luisa_Ast13 @radicalyfeliz #rio2016 #nomasafp
21-08-2016 19:45;Amanoticiascl;The latest El Diario de AmaNoticias! https://t.co/w29TD7gszV Thanks to @gutierrezpato @ElQueNoAplica @Jhonbugueo #nomasafp #splprofi
21-08-2016 18:19;lucia09449792;@litofernandez1 \n2 millones dicen \n#NOMasAFP https://t.co/pRUDMPxgp8
21-08-2016 17:18;RespiratorioCL;The latest El Diario de Respiratorio Chile! https://t.co/Wuh1q5pwmc Thanks to @jgigoux @luisdiazrobles @CarolaZelada #nomasafp #obesity
21-08-2016 16:44;gisellavm;#NOMasAFP #Rancagua marchando! https://t.co/yWJiuos6nu
21-08-2016 16:41;CieloAustralCoq;Q horror !!!  #NOMasAFP @chileconvoca https://t.co/GdfDYlj5rS
21-08-2016 16:37;maneriquelme;#Alfabetizando con #Arte y #Cultura #Valparaiso #NoMasAFP https://t.co/mAPuYTSeaA
21-08-2016 15:11;OrganitY_;Grande Chile #NOMasAFP
21-08-2016 15:07;ciberviviente;The latest El CIBERVIVIENTE Diario! https://t.co/ALrFM51LJ9 Thanks to @clautierna @paismel @CatalystPart #nomasafp #marketing
21-08-2016 15:03;v3rdelimon;Es momento de moverse!!!!\n#NoMasRobos\n#NoMasCorrupcion\n????????????????\n#NOMasAFP !!! https://t.co/7yPsrfcVXv
21-08-2016 14:51;FloresGump_;Marchando #NoMasAFP https://t.co/h4KzYRLKCD
21-08-2016 14:50;FelipeAraos;muchamuchamucha gente en la marcha #NOMasAFP :)
21-08-2016 14:46;Zombiexfreak;#nomasafp por favor :( https://t.co/QWIzxVsfe2
21-08-2016 14:43;pablo_videla;#NOMasAFP mucha gente https://t.co/v3KIPuKuE0
21-08-2016 14:35;IgnacioAchurra;Somos millones #NOMasAFP https://t.co/4ncqkfI9wF
21-08-2016 14:31;La_tana23;@tjholt @Carloscampant ustedes hablan puras weas...#NOMasAFP
21-08-2016 14:17;VersionFlow;#NOMasAFP como ht universal ??
21-08-2016 14:16;MarceAbedrapo;Marchando junto a @clauarredondom @David_Peralta_C   #nomasafp https://t.co/HaNftZnwhS
21-08-2016 14:15;mancillaortiz;#nomasAFP @santiagoadicto #Chile @ Plaza Los Heroes https://t.co/dSOVochqTY
21-08-2016 14:13;mavargasa;#NOMasAFP muchos y muchas marchando. @fedcolprof @colesociologos https://t.co/9bqpJDE3nt
21-08-2016 14:00;CarpobM;Marcha Stgo! #NOMasAFP + https://t.co/PrbwL38CN7
21-08-2016 14:00;Carlossassarini;Todas las generaciones  #NOMasAFP https://t.co/x7Y0x4b6kq Imagen Twitter
21-08-2016 13:54;CoordMagallanes;A LAS 15:00 hrs #Natales dice #NOMasAFP https://t.co/fsoZEICH5u
21-08-2016 13:54;yoongienmiau;¿Se entiende? #NOMasAFP !! https://t.co/WcJN1XwkSE
21-08-2016 13:49;_Cloandrea_;#NOMasAFP ?????? somos millones https://t.co/CdDAMI1YGR
21-08-2016 13:34;shergio_h;#NOMasAFP por favor ??
21-08-2016 13:27;frankandalaft;#Talca junto a todo #Chile dice #NoMasRobos #NoMasAFP #INDIGNADOS… https://t.co/s5FoEGB69v
21-08-2016 13:22;Euquenita;#NOMasAFP Somos Miles!!! https://t.co/tbdF4mQl8q
21-08-2016 13:19;Patiperros_20;#ChilenosEnElExtranjero Muchos apoyando #NOMasAFP @eldesconcierto @chileconvoca @SinFiltroCL  https://t.co/Qq1StOAvxr
21-08-2016 13:17;PauPauFran;Mucha gente marchando!! En #Antofagasta #NOMasAFP https://t.co/P8Ywc2wwIA
21-08-2016 13:15;dhiro73;Interminable!! ??Bien Chile! #NoMasAFP https://t.co/rDotuOPYrs
21-08-2016 13:12;patovalenzuelab;#NOMasAFP Me da susto conectarme a @Tinder https://t.co/8B7CdMVspG
21-08-2016 13:08;berniap;Somos muchos en Stgo #NOMasAFP https://t.co/mmcaSYkfSk
21-08-2016 13:07;Maportil;Marchando #NOMasAFP https://t.co/FRHE7ku6qd
21-08-2016 13:02;Marceaguas;#NOMasAFP mucha gente defilando. https://t.co/T40DIQWjpg
21-08-2016 12:55;DerechoIguales;Marchando con todo #NOMasAFP @fakundorios @Lari_Caipillan https://t.co/EzuNSCnkFL
21-08-2016 12:45;patovalenzuelab;Mucha mucha gente.  #NOMasAFP https://t.co/dDSMQxLaFE
21-08-2016 12:44;piratachile;#NOMasAFP stgo bailando https://t.co/o17d9EmSfZ
21-08-2016 12:44;RominaMellaP;Marchando !!! #NOMasAFP @GallardoGo https://t.co/cMtbtpeNpG
21-08-2016 12:33;Claudiagros;Somos muchos marchando en #Rancagua     #NOMasAFP https://t.co/Rh4msYMC44
21-08-2016 12:32;zippoaries;Somos miles!!! #NOMasAFP https://t.co/a9E5jVIrmI
21-08-2016 12:32;IndignadosChile;Somos miles!!!! #NOMasAFP https://t.co/ShgSVH8xqP
21-08-2016 12:20;ArkeroValpo;#NOMasAFP  chuchasdesumadre https://t.co/4wojbFduS8
21-08-2016 12:14;CataSzigeti;Los candidatos de @RD_NUNOA marchando firme #NOMasAFP ? https://t.co/0XI6TM0V3K
21-08-2016 12:10;Mark_UC_;Grande Chileee ???? #NOMasAFP
21-08-2016 12:09;joc_orellana;Marchando por #nomasafp con @cdiazram https://t.co/IXh0pZ7TAh
21-08-2016 12:05;cristianchillan;#NOMasAFP #Chillan  mucha gente en las calles https://t.co/ZHK47AmjSS
21-08-2016 12:02;AGutierrezVas;Somos miles y miles!!!! #NOMasAFP @sidarte_chile https://t.co/OudoHORd5n
21-08-2016 11:59;caropinoc;Muchos muchos?????? #NOMasAFP
21-08-2016 11:55;ClaudiaDides;Somos Miles marchando  #NOMasAFP https://t.co/eRN0jNuLl2
21-08-2016 11:46;JotaPeSaCS;#NOMasAFP marchando en #iquique https://t.co/iZ2vwW6PW1
21-08-2016 11:45;angezablach;Somos muchos! #NoMasAFP
21-08-2016 11:44;ValpoCoordina;Somos miles #YoMarchoel21 #NOmasAFP https://t.co/6hxprttztA
21-08-2016 11:42;marcelmartinezw;Somos millones de norte a sur  #NOMasAFP https://t.co/Ea0FsrNjfh
21-08-2016 11:35;kekito1979;No mas AFP Quillota https://t.co/Fy6lBkVx7k
21-08-2016 11:25;carolinafloyd;Marchando #NoMasAFP https://t.co/YmNwc9GX0A
21-08-2016 11:21;buhoazul2010;#nomasafp  SOMOS MAS https://t.co/7vXwIrZpxU
21-08-2016 11:20;fpairo;Muuuuuuuuuucha gente loco !!!! #NoMásAFP https://t.co/w4QkdsQ15a
21-08-2016 11:11;menosigualmas;Somos muchos... #NOMasAFP https://t.co/7C99Axsvl7
21-08-2016 11:10;NoeliaBravo;Hay que puro moverse\n#NoMásAFP https://t.co/sF0RpVR7YM
21-08-2016 9:14;CieloAustralCoq;Tod@s marchamos!! @derogarDL3500  #NOMasAFP @chileconvoca @Chileokulto @MovAutonomista @TodosPescamos @Patiperros_20 https://t.co/FuGvrT856f
21-08-2016 0:01;lramirez;The latest Resonancias y latidos! https://t.co/HoiIEQMI6o Thanks to @Rangersdetalca_ #nomasafp #lugaresquehablan
20-08-2016 23:11;TheCatPawer;The latest El Diario de El Mendoza! https://t.co/IlWTGJGLeL Thanks to @SindicatoCDF @Marccella85 @jaran_13 #nomasafp #nomasafps
20-08-2016 20:30;mariela2770;The latest Libertad para Expresarse! https://t.co/oCAkAWtZOI Thanks to @CPMemoria @Marco_Cerdio @NolbertoDiaz #perunews #nomasafp
20-08-2016 19:31;ortegabalboa;muchas gracias!! #NOmasAFP https://t.co/pyCJoru6Gy
20-08-2016 13:47;Andrezautomata;Por presiones,  en realidad #21deAgosto #NomasAFP  https://t.co/vo3eo5UTL7
20-08-2016 11:31;Claudio_2012;The latest El Diario de Claudio Rodriguez! https://t.co/Kz2I7wgejK Thanks to @Publionline_ @Igra_ine @helenaherting #temuco #nomasafp
19-08-2016 23:11;TheCatPawer;The latest El Diario de El Mendoza! https://t.co/Mdk3H0OIDY Thanks to @difamadores @cientist_rgodoy @Amras_Anarion #chillanonline #nomasafp
19-08-2016 22:27;lagosriederer;NO MAS AFP´s...!! https://t.co/FgfqNJIxiy
19-08-2016 21:28;confed_bancaria;Video de @derogarDL3500  #NOmasAFP\nhttps://t.co/9H5cpUvqDU\n@gmobastias
19-08-2016 21:26;confed_bancaria;Video de @derogarDL3500  #NOmasAFP\nhttps://t.co/9QNTtL8JQA\n@gmobastias
18-08-2016 23:11;TheCatPawer;The latest El Diario de El Mendoza! https://t.co/OySTx8HIsQ Thanks to @jaran_13 @eduardogonzalo @Lasolecontreras #nomasafps #nomasafp
18-08-2016 16:43;MarceAbedrapo;#LaFlorida dice #NoMásAFP junto a todo Chile! https://t.co/AXeKZYgazy
18-08-2016 15:41;bochornoficial;"#LasClavesDelExito simple #NOMasAFP ;) https://t.co/fQySueL9Mu"
17-08-2016 15:34;JuanKASO;Esto se resuelve con #NOMasAFP https://t.co/tGtqRhKGsv
17-08-2016 14:23;ortegabalboa;Todas las AFP lo son... #NOmasAFP https://t.co/pPUdQqpgro
15-08-2016 23:11;TheCatPawer;The latest El Diario de El Mendoza! https://t.co/mhbkJqT5aP Thanks to @jaran_13 @Marccella85 @JulioStgoCentro #nomasafp #nomásafp
15-08-2016 2:07;SrTimoshenko;Simple #NoMásAFP https://t.co/0J8R4Cng7D
14-08-2016 23:11;TheCatPawer;The latest El Diario de El Mendoza! https://t.co/RN3Ukj4tJU Thanks to @TuTioPelao @LaRedTV #rio2016 #nomasafp
13-08-2016 22:11;TheCatPawer;The latest El Diario de El Mendoza! https://t.co/zkoQtF4qHB Thanks to @jaran_13 @eleheceachehe @Marccella85 #rio2016 #nomásafp
12-08-2016 19:58;lagosriederer;No mas AFP´s https://t.co/DsUjp9dvnO
12-08-2016 16:18;ccu_federacion;Retweeted Nino Mundaca #AC (@Nino_Mundaca):\n\nLas comisiones fantasmas de las #AFP son millones #NOMasAFP RT... https://t.co/xxYzsAel0e
11-08-2016 16:22;Nino_Mundaca;Las comisiones fantasmas de las #AFP son millones #NOMasAFP RT @Sindical_cl @sidarte_chile @sifup @SilWalmart #Chile https://t.co/pgYyRH2kCd
11-08-2016 15:23;Editha_Rojas;no mas afp en chile - Buscar con Google https://t.co/od0tTco27R
11-08-2016 10:59;kittygatamia;#NOMasAFP #villalemana junto a la lucha https://t.co/F0wYv8Y5et
11-08-2016 9:45;andresmahn;The latest El Tweetero! https://t.co/wwK1qVMWom #nomasafp #rio2016
11-08-2016 7:38;Edu_Enduro;@ximerincon cantinfleando en #t13am… impresionante!!!\n\n#NoMasAFP\n#FelizJueves \n#CacerolazoAFP\n#TuManana
11-08-2016 5:01;World_Info_News;The latest El Noticias del mundo Diario! https://t.co/Fr2csoCecg Thanks to @sholecita @Ed_Mercado @jcastro24 #cacerolazoafp #nomasafp
11-08-2016 0:03;Vicmarfe;Y en Chile #NOMasAFP !!! https://t.co/4TdRysCrVW
10-08-2016 22:11;TheCatPawer;The latest El Diario de El Mendoza! https://t.co/fmIMFJpQ2Q Thanks to @luchogarciah @eduardogonzalo @ChillanOnline #nomasafp #nomasafps
10-08-2016 19:30;mariela2770;The latest Libertad para Expresarse! https://t.co/Q1Aoo4jeC4 Thanks to @corphumanas @mcliomm @AfaKiosco #nomasafp #perunews
10-08-2016 19:27;valykamilo;Q suene! #NOMasAFP https://t.co/Fd6CBsBJHW
10-08-2016 0:13;quintanamatico;¡ Cagamos ! #NOMasAFP https://t.co/xvEYUb41ah
07-08-2016 22:11;TheCatPawer;The latest El Diario de El Mendoza! https://t.co/BSd2tNxgtF Thanks to @Marccella85 @Natalia_Jotave @jaran_13 #rio2016 #nomasafp
07-08-2016 19:18;clausaavedra;Terrible realidad #NoMasAFP  https://t.co/iYYgmI1j9j
06-08-2016 22:11;TheCatPawer;The latest El Diario de El Mendoza! https://t.co/aIcO0sL7z8 Thanks to @aleexjaqui @Hecgonq @JulioStgoCentro #nomasafp #aniversariocrea
06-08-2016 1:15;Cerrillando1980;y faltan millones !\n#NoMasAFP https://t.co/iJH34nkdKi
05-08-2016 9:41;Huenuan77;#NOMasAFP Quien..? https://t.co/AR4etaZrKj
05-08-2016 8:47;cotejerezfuica;Defender lo indefendible @josepinera .... #NOMasAFP ????
04-08-2016 18:43;OtroCucho;Expectativa vs realidad.    #NOMasAFP https://t.co/ZKUs314jf5
04-08-2016 18:41;AndresRodAlf;@biobio #NoMasAfp ¡¡por favor!!
04-08-2016 18:08;mestizomapuche;A quienes financian las AFPS??.. #NOMasAFP  https://t.co/AFjEbPG3XD
04-08-2016 11:34;octavioleiva1;No mas AFP y .
03-08-2016 21:06;IroNSheWolf;Q le diremos?? #NOMasAFP #Empoderate Chile https://t.co/vs37SZI8xo
01-08-2016 20:52;a_andrade_m;Yo me sumo! #YoMarcho #NOMasAFP!! https://t.co/57T3WjW4yh
31-07-2016 22:11;TheCatPawer;The latest El Diario de El Mendoza! https://t.co/zzuQQvXldr Thanks to @Karilo23Rojas @Marccella85 @liz_anhm #nomasafp #nomasafps
31-07-2016 19:30;mariela2770;The latest Libertad para Expresarse! https://t.co/kXmwDQTDou Thanks to @AfaKiosco @MovilizateChile @Marco_Cerdio #perunews #nomasafp
31-07-2016 0:58;revistaBar_cl;The latest revistaBar_cl! https://t.co/XOceBx7mTw #josepiñera #nomásafp
30-07-2016 18:54;envalparaiso;Retweeted #NoMasAFP (@ccarrilloc):\n\nRevisa #CafeNoVip Pronto muestra!! @elmartutino @envalparaiso @artistasuna... https://t.co/q8P1iYy39J
29-07-2016 22:11;TheCatPawer;The latest El Diario de El Mendoza! https://t.co/bwI31rHeeL Thanks to @marxismo_cl @eduardogonzalo @Amras_Anarion #chillanonline #nomasafp
28-07-2016 18:05;Duverlyexequiel;Sonrientes y campantes #NOMasAFP https://t.co/din7wNUQfs
27-07-2016 22:10;TheCatPawer;The latest El Diario de El Mendoza! https://t.co/t4KXUmFYKw Thanks to @IvanRTobarB @pelucheduenas @jimenajorquera #chillanonline #nomasafp
27-07-2016 8:10;IroNSheWolf;A quien le parece justo?  No mas #AFP #EmpoderateChile ?? https://t.co/I57TmpVMNQ
26-07-2016 22:55;alejoferrada;Notecreo. #AFP #nomasafp https://t.co/sTzu1iWy6q
25-07-2016 22:25;ffuentes_;Por favor leer #nomasafp #CiudadanosCNN https://t.co/Qgtsfu1cOB
25-07-2016 22:11;TheCatPawer;The latest El Diario de El Mendoza! https://t.co/2nUp6dEeY4 Thanks to @humanoide_sss @AFielbaum @papurri_pop #nomasafps #nomasafp
25-07-2016 17:12;berniap;En Chile las pensiones son un #negocio #NOMasAfps #nomasafp??? #previsión #dignidad #sudamérica https://t.co/A8AO34BtZE
25-07-2016 14:51;SebaMendezM;#24horas Defendiendo lo indefendible  #NoMasAFP
25-07-2016 12:35;Gasparopeters;#nomasafp ? Por facebook no sirve la lucha.
25-07-2016 9:13;lilinaonline;@matinaldechv explicando lo inexplicable #NoMasAFP
24-07-2016 22:08;TheCatPawer;The latest El Diario de El Mendoza! https://t.co/V4z2V5OrTD Thanks to @Aeshmanicole @SindicatoCDF @LaRedTV #nomasafps #nomasafp
24-07-2016 21:56;zonalacustre;The latest noticias que pueden interesarte! https://t.co/U6lKXojGyN Thanks to @leondelpedregal @carmenroma3 @FcoVK #nomasafps #nomasafp
24-07-2016 21:43;princess_kpars;#nomasafp quillota @ Quillota, Chile https://t.co/v0wWxVrEze
24-07-2016 21:39;princess_kpars;No mas afp. Quillota @ Quillota, Chile https://t.co/MrMURbIyZG
24-07-2016 20:45;princess_kpars;#ahoranoticiasmega #24horas marcha no mas afp. Quillota @ Quillota, Chile https://t.co/72mzdR8Uw7
24-07-2016 20:41;princess_kpars;Marcha no mas afp. Quillota @ Quillota, Chile https://t.co/Koc95BrRcN
24-07-2016 20:14;holaiquique;Retweeted Carlos Araya Torres (@arayacarlos):\n\nMarchando en #Iquique #nomasafp #chile https://t.co/cUQ0DSA8s5 https://t.co/xgeDJSycmD
24-07-2016 19:37;Tapalca54;Chile en las calles\n#NoMasAFP https://t.co/l1o4s7YEaQ
24-07-2016 17:07;car0_Araya;Simple, todo Chile dice #NoMasAFP https://t.co/5YnyqmiRBM
24-07-2016 16:59;Chico_Diaz;https://t.co/j1V80Iv8ys NO MAS AFP Favor RT @mipeAravena @FcoPlazaG @lafundacionsol @biobio @el_dinamo @ElEmpoderado @QUIGLORY @julietvillac
24-07-2016 16:21;CieloAustralCoq;X todas partes, somos miles diciendo #NOMasAFP  @chileconvoca @Chileokulto https://t.co/3x29L7fVjI
24-07-2016 16:12;Latin_Bitman;NO MAS AFP ???? CHILE!!
24-07-2016 16:10;Pablito_lo_hace;Somos miles! #nomasafp ! https://t.co/N2KAWX0z5S
24-07-2016 15:04;ciberviviente;The latest El CIBERVIVIENTE Diario! https://t.co/UI2G2UlNYC Thanks to @tan_al @alesaras @buscadormistico #nomasafps #nomasafp
24-07-2016 14:11;Maca_Ponce;Marchando #NOMasAFP https://t.co/1ad8xnux3n
24-07-2016 14:11;Maca_Ponce;Marchando #NOMasAFP https://t.co/Dc1zZIIY5u
24-07-2016 14:06;etarsettiq;#NomasAFP marchando https://t.co/NnrBKJ6JbV
24-07-2016 14:01;jmarroquing;#Iquique, #altohospicio y toda #Tarapaca  dicen #NomasAFP https://t.co/ICrBstIm6y
24-07-2016 14:00;HRVV;Todas las expresiones e ideas #NOMasAFPs #NOMasAFP https://t.co/8E2TqpoFhV
24-07-2016 13:48;LizMiaaau;#NoMásAFP ? @ Plaza Los Heroes https://t.co/3qR7gjZ2nf
24-07-2016 13:46;HRVV;Todas las expresiones #nomasAFP https://t.co/SflosWryu7
24-07-2016 13:37;Bernardo_E;The latest El Diario de Bernardo Escobar Ll.! https://t.co/pgkWFO7NXA Thanks to @cuervogirard @maricocina @andreasm32 #nomasafp
24-07-2016 13:37;Mounstrosity;#NoMasAfp @ Plaza Los Heroes https://t.co/MNDVDRrBI0
24-07-2016 13:18;v_dottone;Marchando!! #NomasAFP #Santiago https://t.co/2Ndi7XlpUD
24-07-2016 13:14;BasstianV;#NoMasAFP #MarchaFamiliar @ Plaza Los Heroes https://t.co/xAydo8Q3dc
24-07-2016 13:06;MiiLa_Paz;#marcha #nomasafp @ Plaza Los Heroes https://t.co/ax1CE2aQDT
24-07-2016 13:02;arayacarlos;Marchando en #Iquique #nomasafp #chile https://t.co/oymxhKg78a
24-07-2016 12:59;ToTaCo;#nomasafp @ Plaza Los Heroes https://t.co/4IyoKnjaQk
24-07-2016 12:59;ToTaCo;#nomasafp ???? @ Plaza Los Heroes https://t.co/1HmGB6HAFt
24-07-2016 12:56;millaray_;#Concepcion dice #NomasAFP En CHILE! https://t.co/AW9WOAxmDN
24-07-2016 12:51;javymoon;#laMonedacensurada inaceptable!!! #nomasafp https://t.co/s797i1mzha
24-07-2016 12:49;carito31tf;Por un Chile mas justo, no mas afp!!! #nomasafp @ Plaza Los Heroes https://t.co/zikhC4Lzav
24-07-2016 12:47;pilarcurti;Somos miles en todo Chile #NoMasAfp https://t.co/UFe84LKLRa
24-07-2016 12:43;baaputalawea;#NOMasAFP en Los Andes https://t.co/a7rhY8FC2S
24-07-2016 12:43;valecita__paz;Mucha genteee!!! ????????!! #nomasafp #nomasafps #santiago https://t.co/MBT9ILnAfU
24-07-2016 12:41;pschsulsohn;Muchos miles en marcha #NoMásAFP
24-07-2016 12:41;MiiLa_Paz;#marcha #nomasafp @ Plaza Los Heroes https://t.co/ljPvrdaFD6
24-07-2016 12:40;lhuzero;@T13 @TVN @CNNChile @SoledadOnetto todo Chile marchando x #NoMasAFP
24-07-2016 12:34;VictorGhibli;Chile en las calles #nomásAFP https://t.co/OUJ7UT4S9e
24-07-2016 12:23;KrizRuiz;#NOMasAFP Apoyando a full ??????
24-07-2016 12:23;Pipefias20;Marchando #nomasAFP https://t.co/QNA2Tzr5jD
24-07-2016 12:22;ngodoyf;Somos miles marchando por #NOMasAFP https://t.co/XkkeuoNCco
24-07-2016 12:14;s_vitalia;#NOMasAFP #iqq #iquique se impone @reddeemergencia @HombredeRadio @elfranconoticia @ahoranoticiasAN @JoseRepenning https://t.co/TLSSkvPZy9
24-07-2016 12:12;djrami68;Somos muchos...no mas AFP https://t.co/BH8PwOAD9m
24-07-2016 12:08;nata_dom;Somos millones en la calle  #NOMasAFP
24-07-2016 12:07;medinalorca;Oooohhh #CHILEDESPERTO NO MAS! #NOMasAFP
24-07-2016 12:06;juli_hip;#NOMasAFP  Somos miles!!! https://t.co/ZSzNIEiIuu
24-07-2016 11:59;berniap;Se entiende? #NOMasAFP https://t.co/bKKyVDS9NT
24-07-2016 11:57;moniquitag;#NOMasAFP en #Osorno mucha gente!!!! https://t.co/TVYGwO0vgd
24-07-2016 11:56;KikeSantana;Mucha gente en Santiago marchando contra las AFPs #NOMasAFP https://t.co/TSUAJwQEv7
24-07-2016 11:54;berniap;Somos muchos #Chile #NOMasAFP https://t.co/pNGDkvYXPC
24-07-2016 11:53;veraxvel;#No+AFP #NoMasAfp SOMOS MILEEEEEES https://t.co/eKYr4qcGWZ
24-07-2016 11:53;rubenleuquen;Mucha gente #NOMasAFP #Punta_Arenas #Chile https://t.co/izSmBC3gC6
24-07-2016 11:50;Luisardo_MC;Somos miles!!!! #NOMasAFP \n@brigadachacon https://t.co/IDkYyPxZZ1
24-07-2016 11:44;mfuentest;Marchando #NOMasAFP https://t.co/c4MCnwvU9d
24-07-2016 11:39;rodrigodelao;No mas #Abuso #Fiscal y #Privado #NOMasAFP #AFP
24-07-2016 11:23;CAV11;#NoMásAFP en Los Andes https://t.co/lIwgL1wYuF
24-07-2016 11:11;nata_dom;Somos millones #NOMasAFP https://t.co/Sb60Y2Zz2N
24-07-2016 10:42;cibarrag;#NoMasAFP Las Pensiones en Chile.... https://t.co/GyeCKvI0mJ
24-07-2016 6:23;KarlosOlivarez;The latest El Diario de Carlos Olivares! https://t.co/MaYOBGZMZ5 Thanks to @ex_rolmedo73 @sebatotal90 #quesigaeleoeoeo #nomasafp
24-07-2016 5:01;World_Info_News;The latest El Noticias del mundo Diario! https://t.co/S6Pnfq9Niz Thanks to @lagovillarrica @Alpha_Anny #nomasafp #entrepreneur
24-07-2016 0:37;carvallo58;#NOMasAFP. CHILE DICE NO +
24-07-2016 0:01;lramirez;The latest Resonancias y latidos! https://t.co/DScTK92kCS Thanks to @seanlole @alvarograves @LamismaVilma #nomasafp #lugaresquehablan
23-07-2016 23:02;Aleinevolution;FUCK AFP!!! Mañana a marchar!!! #NOMasAFP
23-07-2016 22:11;TheCatPawer;The latest El Diario de El Mendoza! https://t.co/LRbZXYU5TT Thanks to @papurri_pop @camlagos @pipelalo #nomasafp #yomarcoporelcambio
23-07-2016 22:00;zonalacustre;The latest noticias que pueden interesarte! https://t.co/CrwHMmCh4C Thanks to @Felipex74103244 @AtienzaCortes @cosmica_gatita #nomasafp
23-07-2016 21:43;joserobe1958;"""@Tapalca54: @Carlossassarini @gloriaapii @el_dinamo \n#NoMasAFP https://t.co/pX822APo1y"" FAVOR NO FALTEMOS TODO CHILE A LAS CALLES RT RT ??"
23-07-2016 19:41;hija_d3l_sol;Defendiendo lo indefendible #NOMasAFP https://t.co/UaK8lJn15d
23-07-2016 19:29;mariela2770;The latest Libertad para Expresarse! https://t.co/NvSqmvrohO Thanks to @24HDeportesTVN @prensaopal @radicalyfeliz #nomasafp #perunews
23-07-2016 18:52;o_ar_e;Por chile #NOMasAFP #YOmarchoEL24
23-07-2016 16:37;obanrod;@Mega @TVN @canal13 @chilevision Cuanto les pagan las #afp  por hacerse los weones #NOMasAFP
22-07-2016 16:32;kjarca;No mas AFP en  chile por favor
22-07-2016 15:49;aplazaga;#NOMasAFP Hasts cuando ?? https://t.co/sNoMqpuPWq
22-07-2016 11:04;andres_cmc;#HayCosasDolorosasY No comprensibles #NoMasAFP https://t.co/JgTqEs1fRe
22-07-2016 1:41;piratachile;No faltes!!! 24 J\n#NOmasAFP https://t.co/uj4Sck1cee
22-07-2016 0:30;Alvaro_Riffo;Exacto #NOMasAFP https://t.co/AxSqdZ3Zs9
21-07-2016 22:11;TheCatPawer;The latest El Diario de El Mendoza! https://t.co/YXvlnOCTWE Thanks to @Marccella85 @jaran_13 @LuisMesina1 #chillanonline #nomasafp
21-07-2016 9:38;illapu;SE VIENE!!\nEN TRES DIAS...\nNO MAS AFP!!! RT RT RT https://t.co/7vatF9LO6j
21-07-2016 0:53;VaneHuerta_Vet;Y en Stgo? #NOMasAFP https://t.co/qfhtR7b6Qz
19-07-2016 19:41;SebastianJonesM;Me sumo!! #NOMasAFP #24JulioNoMasAFP #PensionesParaElPueblo @Chileokulto @PiensaPrensa @prensaopal https://t.co/nPc18FmKGt
19-07-2016 14:26;Gusblackfire;#NoMasAFP muchachos!! https://t.co/qvxeFZ4PdH
18-07-2016 22:07;TheCatPawer;The latest El Diario de El Mendoza! https://t.co/WCTUnJo8Tt Thanks to @Izquierda_Tuit @Cata_Gaete @LaRedTV #chillanonline #nomasafp
18-07-2016 20:56;zonalacustre;The latest noticias que pueden interesarte! https://t.co/GbHCC9RHlx Thanks to @Charly_torresv @AZV04 @Rebolleo #nomasafp #grandesmedios
18-07-2016 11:21;jmarroquing;Pensiones en #Chile, #NOMasAFP!!! #Iquique #AltoHospicio https://t.co/CJVUrtKNyz
15-07-2016 9:37;zarateceleste;Y este gil cree que somos wones!! @subelaradio @ValdebenitoNata #cafeconnata #NOMasAFP
14-07-2016 2:00;jnitrigual;@GustavoAgurto ya somos 2 no mas #AFP
12-07-2016 18:40;mhmagofke;#NoMásAFP ¿Y en Chile? https://t.co/ON1QwzVYFt
12-07-2016 18:39;mora_pancho;que terrible #NoMasAfp https://t.co/kjU7g5vn2l
09-07-2016 18:17;_MandyBoyd_;Que horrible!!! ??\n#NOMasAFP #Comparte #RT https://t.co/y02GIDPUj0
08-07-2016 15:26;castroman81;inaceptable! #NOMasAFP https://t.co/dY93wap6uA
06-07-2016 9:10;laninred;@juan_acosta_a @DavinciTessa Por todo Chile #NomasAFP
05-07-2016 20:59;Tatoriquelme;Caso #Andrade #NoMasAFP https://t.co/ObrUuY4pJC
01-07-2016 2:38;andrea_pmm;@24HorasTVN simple! #NoMasAFP
24-06-2016 10:09;AndresRodAlf;#Nomasafp #Nomasafp #Nomasafp ¡¡por favor!! https://t.co/tpSC2BgWee
24-06-2016 2:30;laninred;@kekotrotamundos @RodriguezManuel Simple, #NomasAFP
22-06-2016 7:43;cvarela04;Defendiendo lo indefendible, #nomasafp @chvnoticiascl https://t.co/VRGuz4E1Nh
15-06-2016 7:28;newyorkpresence;@ELITE_LEGENDZ_ @Arab_Arabism @Mgwv1oo @DULCE_PASION__ @RolyTfb @guy1_big @eReferenceDesk @LMJB @cathhewat123 @NOmasAFP no mas AFP CHILE ???
13-06-2016 9:19;newyorkpresence;@Alhfreddo @dbravo_UC @cathhewat123 @manjarshhh @newyorkpresence @usatur  @ValeskaOyarceP No mas #AFP  en CHILE no mas pensiones miserables
12-06-2016 7:47;newyorkpresence;@cathhewat123 @BODYGUA89419512 @MakoMgwv @DanutaNowak5 @horncathes @RobVan_Doesburg  @jaimemise @Twdfan45  @rfantuzzih no mas AFP CHILE ???
11-06-2016 4:06;libertadonde;The latest Libertad Adonde? El Diario! https://t.co/6jSozVhth1 Thanks to @ivanexxx69 @leonellienlaf @BorisYaikin #siguemeytesigo #nomasafp
05-05-2016 10:47;berniap;Y en Chile #NoMasAfp https://t.co/SOVn4kgyU9
27-04-2016 23:36;rrorroso;@AlephEdu @TendenciaAFP es posible? #NoMasAFP
05-04-2016 15:52;Nino_Mundaca;#NoMásAFP de no creer... https://t.co/R90iz9tpT7
22-03-2016 9:57;BenjaminGanga;A movilizarse !! #NomasAFP
07-03-2016 7:31;RockandRolec;Fin a las @AFPdeChile @GobiernodeChile #NoMasRobos #NoMasAfp https://t.co/IkiCkXJXPq
02-03-2016 10:54;Funkchelo;Mas pruebas? #NoMasAFP https://t.co/s0j2QaPwll
01-03-2016 23:22;gersonpaillague;#EstadoNACIONAL #AC #ENACIONAL #CHV #nomasafp hace frio? https://t.co/RkhZLDY8hg
31-01-2016 14:32;Cristian_rojasc;Cosas importantes en twitter\n#SupermercadosVacios\n#FarmaciaPopular\n#ColusionCiudadana\n#NuevaConstitucion\n#AC\n#DerogarLeyDePesca\n#NoMasAFP
26-01-2016 15:05;bernardita_isa;@wolverinetaimad @sbricenob he participado en muchas marchas #NoMasAFP https://t.co/pZ1uihnxDk
19-01-2016 8:54;rubenleuquen;Por favor #nomasAFP https://t.co/knHlm8hsn4
13-01-2016 18:34;rotgo;@PrevisionCL // Muchas gracias!! #NoMasAfp
07-01-2016 13:10;romandelcampo;Retweeted pitiao (@pitia0):\n\nNo mas AFP, no mas robos !!! https://t.co/iON7cetYGf https://t.co/NGScvN8MYx
